"name","type","state","mid_career_pay","in_state_total","pay_to_instate_ratio"
"Bellevue College","Public","Washington",88500,4258,20.7844058243307
"Clark College","Public","Washington",78400,4287,18.2878469792396
"Utah Valley University","Public","Utah",90600,5726,15.8225637443241
"SUNY Downstate Medical Center","Public","New York",109300,7481,14.6103462103997
"Western Governors University","Private","Utah",91500,6670,13.7181409295352
"Texas Tech University Health Sciences Center","Public","Texas",104900,7911,13.2600176968778
"Thomas Edison State University","Public","New Jersey",95600,7519,12.7144567096688
"Missouri Western State University","Public","Missouri",77700,6466,12.0167027528611
"Athens State University","Public","Alabama",78800,6810,11.5712187958884
"Metropolitan State University of Denver","Public","Colorado",87200,7665,11.3763861709067
"University of Houston-Clear Lake","Public","Texas",94800,8500,11.1529411764706
"Metropolitan State University","Public","Minnesota",85900,7879,10.9023987815713
"University of Arkansas for Medical Sciences","Public","Arkansas",89100,8197,10.8698304257655
"Brigham Young University-Idaho","Private","Idaho",93500,8710,10.7347876004592
"West Virginia University at Parkersburg","Public","West Virginia",65200,6330,10.3001579778831
"University of Baltimore","Public","Maryland",89600,8958,10.0022326412146
"Amridge University","Private","Alabama",65900,6900,9.55072463768116
"Glenville State College","Public","West Virginia",67700,7327,9.23979800737
"University of Maine at Augusta","Public","Maine",73100,7988,9.15122684026039
"Charter Oak State College","Public","Connecticut",85900,10161,8.45389233343175
"Bluefield State College","Public","West Virginia",72800,8820,8.25396825396825
"University of Nebraska Medical Center","Public","Nebraska",93000,11558,8.04637480532964
"Granite State College","Public","New Hampshire",76900,9645,7.97304302747538
"Charles R Drew University of Medicine and Science","Private","California",135700,17440,7.78096330275229
"The King's University","Private","Texas",116500,15000,7.76666666666667
"Weber State University","Public","Utah",94000,12110,7.76218001651528
"Brigham Young University-Hawaii","Private","Hawaii",93900,12146,7.7309402272353
"New Mexico Institute of Mining and Technology","Public","New Mexico",120400,16280,7.3955773955774
"Amberton University","Private","Texas",93600,12840,7.28971962616822
"Southwestern Oklahoma State University","Public","Oklahoma",90800,12865,7.05790905557715
"Cameron University","Public","Oklahoma",81500,11902,6.84758864056461
"Wilmington University","Private","Delaware",76600,11210,6.83318465655665
"Utah State University","Public","Utah",93900,13824,6.79253472222222
"SUNY Maritime College","Public","New York",140700,20805,6.76279740447008
"University of Wisconsin-Platteville","Public","Wisconsin",100300,15151,6.62002508085275
"Montana Tech of the University of Montana","Public","Montana",112600,17067,6.59752739204312
"South Dakota School of Mines and Technology","Public","South Dakota",118500,18219,6.50419891322246
"Northwestern Oklahoma State University","Public","Oklahoma",76800,11816,6.49966147596479
"East Central University","Public","Oklahoma",77500,12324,6.28854268094774
"University of Wyoming","Public","Wyoming",98800,15720,6.28498727735369
"Idaho State University","Public","Idaho",91800,14627,6.27606481164969
"Louisiana Tech University","Public","Louisiana",100700,16140,6.23915737298637
"University of Florida","Public","Florida",102800,16501,6.22992545906309
"University of Wisconsin-Whitewater","Public","Wisconsin",89300,14478,6.16797900262467
"Southern Utah University","Public","Utah",84400,13859,6.08990547658561
"Missouri University of Science and Technology","Public","Missouri",122600,20443,5.99716284302695
"University of Alaska Fairbanks","Public","Alaska",101800,17017,5.98225304107657
"University of New Hampshire at Manchester","Public","New Hampshire",90900,15265,5.95479855879463
"Dickinson State University","Public","North Dakota",81200,13663,5.94305789358121
"New Orleans Baptist Theological Seminary","Private","Louisiana",61500,10400,5.91346153846154
"Fort Hays State University","Public","Kansas",79300,13433,5.90337229211643
"Southeastern Oklahoma State University","Public","Oklahoma",80500,13720,5.86734693877551
"University of Idaho","Public","Idaho",97700,16744,5.8349259436216
"Middle Georgia State University","Public","Georgia",79800,13688,5.82992402104033
"Oklahoma Panhandle State University","Public","Oklahoma",74400,12889,5.77236403134456
"Lakeview College of Nursing","Private","Illinois",94100,16320,5.76593137254902
"Iowa State University","Public","Iowa",101300,17708,5.72057826970861
"University of Wisconsin-La Crosse","Public","Wisconsin",88300,15437,5.72002332059338
"Texas A&M University-Kingsville","Public","Texas",97500,17222,5.66136337243061
"University of Wisconsin-River Falls","Public","Wisconsin",81300,14375,5.65565217391304
"Oregon Health & Science University","Public","Oregon",108300,19176,5.6476846057572
"Pittsburg State University","Public","Kansas",84900,15076,5.63146723268772
"University of Wisconsin-Eau Claire","Public","Wisconsin",93600,16633,5.62736728190946
"University of North Georgia","Public","Georgia",85600,15212,5.62713647120694
"Oregon Institute of Technology","Public","Oregon",106800,19045,5.60777106852192
"Mayville State University","Public","North Dakota",81300,14506,5.60457741624155
"Western Carolina University","Public","North Carolina",77700,13902,5.58912386706949
"University of Louisiana at Monroe","Public","Louisiana",92500,16584,5.57766521948866
"University of Central Florida","Public","Florida",88600,15985,5.5426962777604
"South Dakota State University","Public","South Dakota",91900,16660,5.51620648259304
"West Virginia University Institute of Technology","Public","West Virginia",103700,18854,5.50015911742866
"Montana State University","Public","Montana",96200,17521,5.49055419211232
"Lewis-Clark State College","Public","Idaho",77600,14198,5.46555852937033
"University of Wisconsin-Stout","Public","Wisconsin",89500,16381,5.46364690800317
"University of North Dakota","Public","North Dakota",96000,17669,5.43324466579886
"Northeastern State University","Public","Oklahoma",77600,14288,5.43113101903695
"Minot State University","Public","North Dakota",74100,13674,5.41904344010531
"University of Arkansas at Monticello","Public","Arkansas",78300,14520,5.39256198347107
"University of Central Oklahoma","Public","Oklahoma",82900,15458,5.36291887695692
"Florida State University","Public","Florida",92700,17332,5.34848834525733
"New College of Florida","Public","Florida",86500,16183,5.34511524439226
"Appalachian State University","Public","North Carolina",82700,15518,5.32929501224385
"McNeese State University","Public","Louisiana",88200,16563,5.32512226046006
"Lamar University","Public","Texas",101200,19112,5.29510255336961
"University of North Florida","Public","Florida",86600,16370,5.29016493585828
"Langston University","Public","Oklahoma",81500,15426,5.28328795539997
"Mount Carmel College of Nursing","Private","Ohio",99700,18907,5.27317924578199
"University of Utah","Public","Utah",102600,19484,5.26585916649559
"New Mexico Highlands University","Public","New Mexico",73800,14022,5.26315789473684
"Chadron State College","Public","Nebraska",76700,14576,5.26207464324918
"Massachusetts Maritime Academy","Public","Massachusetts",117500,22399,5.24576990044198
"University of Wisconsin-Parkside","Public","Wisconsin",81400,15555,5.23304403728705
"Dakota State University","Public","South Dakota",84300,16149,5.22013746981237
"Truman State University","Public","Missouri",85800,16509,5.19716518262766
"Valdosta State University","Public","Georgia",81000,15586,5.19697164121648
"University of Wisconsin-Oshkosh","Public","Wisconsin",84300,16268,5.18195229899189
"Texas Tech University","Public","Texas",106500,20575,5.17618469015796
"Florida International University","Public","Florida",90100,17440,5.16628440366972
"Saint Cloud State University","Public","Minnesota",91600,17812,5.14260049404896
"Maine Maritime Academy","Public","Maine",121800,23788,5.12022868673281
"University of Central Arkansas","Public","Arkansas",79800,15605,5.11374559436078
"Florida Agricultural and Mechanical University","Public","Florida",83900,16421,5.10931124779246
"Prairie View A&M University","Public","Texas",99400,19458,5.10843868845719
"University of North Carolina at Charlotte","Public","North Carolina",92600,18144,5.10361552028219
"University of Alabama at Birmingham","Public","Alabama",87200,17110,5.09643483343074
"University of South Dakota","Public","South Dakota",87900,17277,5.08768883486716
"East Carolina University","Public","North Carolina",85400,16794,5.08514945813981
"Florida Atlantic University","Public","Florida",91200,17935,5.08502927237246
"University of Alaska Anchorage","Public","Alaska",101000,19888,5.07843925985519
"University of Central Missouri","Public","Missouri",83300,16439,5.06721820062048
"Western Washington University","Public","Washington",99300,19598,5.06684355546484
"Southeastern Louisiana University","Public","Louisiana",83900,16585,5.05878806150136
"Virginia Polytechnic Institute and State University","Public","Virginia",114000,22554,5.05453578079276
"West Virginia University","Public","West Virginia",99900,19774,5.05208860119349
"Tennessee Technological University","Public","Tennessee",95100,18839,5.04803864324009
"Georgia Southern University","Public","Georgia",88000,17492,5.03087125543105
"Wayne State College","Public","Nebraska",73400,14657,5.00784608037115
"Henderson State University","Public","Arkansas",79800,15940,5.00627352572146
"Kennesaw State University","Public","Georgia",94600,18899,5.00555584951585
"Grambling State University","Public","Louisiana",73100,14627,4.99760716483216
"University of North Carolina at Chapel Hill","Public","North Carolina",100800,20177,4.99578728254944
"University of Alabama in Huntsville","Public","Alabama",103900,20808,4.99327181853133
"Mississippi State University","Public","Mississippi",94100,18850,4.9920424403183
"University of Holy Cross","Private","Louisiana",86300,17300,4.98843930635838
"Emporia State University","Public","Kansas",78000,15670,4.97766432673899
"University of Science and Arts of Oklahoma","Public","Oklahoma",67400,13565,4.96866936970144
"Tennessee State University","Public","Tennessee",78400,15814,4.95763247755154
"Delta State University","Public","Mississippi",74200,14968,4.95724211651523
"Kentucky State University","Public","Kentucky",73100,14780,4.94587280108254
"University of South Alabama","Public","Alabama",86400,17490,4.93996569468268
"Valley City State University","Public","North Dakota",68600,14072,4.87492893689596
"Kansas State University","Public","Kansas",97200,19943,4.8738905881763
"University of Arkansas","Public","Arkansas",98000,20150,4.86352357320099
"University of Iowa","Public","Iowa",99400,20439,4.86325162679192
"Central Washington University","Public","Washington",93200,19187,4.85745556887476
"Washburn University","Public","Kansas",83000,17107,4.8518150464722
"John Wesley University","Private","North Carolina",82100,16930,4.84937979917307
"Peru State College","Public","Nebraska",74800,15462,4.83766653731729
"Southeast Missouri State University","Public","Missouri",79100,16353,4.83703296031309
"University of Louisiana at Lafayette","Public","Louisiana",92500,19132,4.83483169558854
"Walsh College of Accountancy and Business Administration","Private","Michigan",85200,17625,4.83404255319149
"Shepherd University","Public","West Virginia",87100,18048,4.8260195035461
"University of Wisconsin-Madison","Public","Wisconsin",104400,21669,4.81794268309567
"Western New Mexico University","Public","New Mexico",76700,15960,4.80576441102757
"Mississippi University for Women","Public","Mississippi",69500,14464,4.80503318584071
"University of Northern Iowa","Public","Iowa",85300,17886,4.76909314547691
"Rogers State University","Public","Oklahoma",73800,15486,4.76559473072453
"San Jose State University","Public","California",114700,24238,4.73223863355062
"Kettering College","Private","Ohio",95800,20300,4.7192118226601
"Winona State University","Public","Minnesota",86800,18435,4.7084350420396
"Nicholls State University","Public","Louisiana",84300,17920,4.70424107142857
"Northern State University","Public","South Dakota",77700,16527,4.70139771283355
"Boise State University","Public","Idaho",86400,18386,4.69922767322963
"Bowie State University","Public","Maryland",89900,19137,4.69770601452683
"Bellevue University","Private","Nebraska",84800,18120,4.67991169977925
"University of Maine at Fort Kent","Public","Maine",76300,16335,4.67095194367922
"University of New Orleans","Public","Louisiana",91600,19629,4.66656477660604
"James Madison University","Public","Virginia",102600,22108,4.64085398950606
"Adventist University of Health Sciences","Private","Florida",89800,19350,4.64082687338501
"Portland State University","Public","Oregon",90500,19533,4.63318486663595
"Black Hills State University","Public","South Dakota",72600,15711,4.62096620202406
"Auburn University at Montgomery","Public","Alabama",79600,17268,4.60968264998842
"University of Georgia","Public","Georgia",100700,21868,4.60490214011341
"University of Mississippi","Public","Mississippi",89100,19356,4.60322380657161
"Armstrong State University","Public","Georgia",81500,17769,4.58663965332883
"University of Kansas","Public","Kansas",98600,21498,4.58647316029398
"University of Houston","Public","Texas",103900,22776,4.56181945907973
"Columbus State University","Public","Georgia",77900,17080,4.56088992974239
"University of West Georgia","Public","Georgia",82700,18210,4.54146073585942
"Arkansas Tech University","Public","Arkansas",76900,16938,4.54008737749439
"University of Arkansas at Little Rock","Public","Arkansas",80800,17896,4.51497541350022
"University of Southern Mississippi","Public","Mississippi",83900,18591,4.51293636705933
"Washington State University","Public","Washington",103700,22979,4.51281604943644
"West Liberty University","Public","West Virginia",77000,17136,4.49346405228758
"Frostburg State University","Public","Maryland",87000,19374,4.49055435119232
"Concord University","Public","West Virginia",75800,16884,4.4894574745321
"Fairmont State University","Public","West Virginia",74100,16518,4.48601525608427
"University of Arkansas at Pine Bluff","Public","Arkansas",70500,15723,4.48387712268651
"University of North Carolina School of the Arts","Public","North Carolina",82400,18379,4.4833777681049
"Wichita State University","Public","Kansas",87300,19523,4.47164882446345
"Adams State University","Public","Colorado",81400,18222,4.46712764789815
"George Mason University","Public","Virginia",105700,23922,4.41852687902349
"Eastern Kentucky University","Public","Kentucky",80700,18314,4.40646499945397
"Michigan Technological University","Public","Michigan",116300,26402,4.40496932050602
"Bellin College","Private","Wisconsin",97600,22178,4.40075750743981
"University of Maine","Public","Maine",95000,21588,4.4005929219937
"Rust College","Private","Mississippi",62400,14200,4.3943661971831
"Western Kentucky University","Public","Kentucky",83100,18945,4.38638163103721
"Murray State University","Public","Kentucky",79900,18274,4.37233227536391
"University of Illinois at Urbana-Champaign","Public","Illinois",115300,26402,4.367093402015
"Fort Lewis College","Public","Colorado",82600,18918,4.36621207315784
"Oregon State University","Public","Oregon",104800,24021,4.36284917363973
"University of Memphis","Public","Tennessee",85800,19676,4.36064240699329
"Northern Kentucky University","Public","Kentucky",87400,20054,4.3582327715169
"University of Toledo","Public","Ohio",92500,21229,4.35724716190117
"East Tennessee State University","Public","Tennessee",77300,17749,4.35517493943321
"Middle Tennessee State University","Public","Tennessee",81100,18642,4.35039158888531
"Eastern Washington University","Public","Washington",87500,20116,4.34977132630742
"Indiana State University","Public","Indiana",85600,19680,4.34959349593496
"Colorado School of Mines","Public","Colorado",139600,32133,4.34444340708929
"University of Colorado Colorado Springs","Public","Colorado",90900,20963,4.33621142012117
"Alabama State University","Public","Alabama",71500,16490,4.33596118859915
"Rush University","Private","Illinois",107600,24900,4.32128514056225
"Jacksonville State University","Public","Alabama",80000,18525,4.31848852901484
"University of Maine at Presque Isle","Public","Maine",70700,16441,4.30022504713825
"Northwest Missouri State University","Public","Missouri",85100,19821,4.29342616416932
"Marshall University","Public","West Virginia",79700,18578,4.29002045430079
"University of Southern Maine","Public","Maine",81300,18970,4.28571428571429
"St. John's College","Private","Illinois",101200,23695,4.27094323696983
"Virginia Military Institute","Public","Virginia",120600,28290,4.26299045599152
"Auburn University","Public","Alabama",104500,24608,4.24658647594278
"Mississippi Valley State University","Public","Mississippi",61900,14613,4.23595428727845
"University of Mary Washington","Public","Virginia",98200,23306,4.21350725135158
"Goddard College","Private","Vermont",76900,18284,4.20586304966091
"Jackson State University","Public","Mississippi",74600,17778,4.19619754753066
"University of Louisville","Public","Kentucky",87600,20882,4.19500047888133
"University of West Alabama","Public","Alabama",76100,18156,4.19145186164353
"Ball State University","Public","Indiana",83700,20130,4.15797317436662
"University of Northern Colorado","Public","Colorado",87100,20990,4.14959504525965
"Alcorn State University","Public","Mississippi",69500,16752,4.14875835721108
"University of Wisconsin-Milwaukee","Public","Wisconsin",90300,21812,4.13992297817715
"Augusta University","Public","Georgia",84400,20398,4.13766055495637
"Clemson University","Public","South Carolina",106700,25802,4.13533834586466
"Western State Colorado University","Public","Colorado",81500,19749,4.12679122993569
"Northern Illinois University","Public","Illinois",95500,23142,4.12669605047101
"Salisbury University","Public","Maryland",89800,21774,4.12418480756866
"Northern Arizona University","Public","Arizona",90000,21846,4.11974732216424
"Central Connecticut State University","Public","Connecticut",93700,22792,4.11109161109161
"Oakland University","Public","Michigan",93300,22706,4.10904606711882
"Clarkson College","Private","Nebraska",91500,22318,4.09982973384712
"Austin Peay State University","Public","Tennessee",78200,19111,4.09188425514102
"Nazarene Bible College","Private","Colorado",60100,14700,4.08843537414966
"Georgia State University","Public","Georgia",90800,22236,4.0834682496852
"Delaware State University","Public","Delaware",81900,20058,4.08315883936584
"University of Colorado Boulder","Public","Colorado",109900,26950,4.07792207792208
"Park University","Private","Missouri",85000,20850,4.07673860911271
"Western Michigan University","Public","Michigan",92200,22626,4.07495801290551
"Michigan State University","Public","Michigan",100800,24782,4.06746832378339
"Francis Marion University","Public","South Carolina",77600,19108,4.06112622985137
"Heritage University","Private","Washington",73600,18124,4.06091370558376
"University of Maine at Machias","Public","Maine",66200,16326,4.05488178365797
"Colorado Mesa University","Public","Colorado",81500,20168,4.04105513685046
"Virginia State University","Public","Virginia",81800,20264,4.03671535728385
"University of Hawaii at Hilo","Public","Hawaii",77200,19126,4.03639025410436
"University of Arizona","Public","Arizona",101000,25037,4.03402963613851
"Rhode Island College","Public","Rhode Island",83500,20758,4.02254552461701
"Radford University","Public","Virginia",82900,20616,4.02114862242918
"University of Illinois at Chicago","Public","Illinois",103800,25838,4.01733880331295
"Saginaw Valley State University","Public","Michigan",82200,20494,4.01093002830097
"Old Dominion University","Public","Virginia",89900,22492,3.99697670282767
"Western Oregon University","Public","Oregon",79300,19955,3.97394136807818
"University of Delaware","Public","Delaware",105400,26542,3.97106472760154
"Towson University","Public","Maryland",91200,22974,3.96970488378167
"Ferris State University","Public","Michigan",89300,22524,3.96465991830936
"Eastern Oregon University","Public","Oregon",73900,18719,3.94786046263155
"Troy University","Public","Alabama",81500,20645,3.9476870913054
"New Jersey Institute of Technology","Public","New Jersey",121300,30938,3.92074471523693
"Morehead State University","Public","Kentucky",74900,19130,3.91531625718766
"Illinois State University","Public","Illinois",95000,24366,3.89887548222934
"University of North Alabama","Public","Alabama",75600,19570,3.86305569749617
"Wayne State University","Public","Michigan",91700,23774,3.85715487507361
"South Carolina State University","Public","South Carolina",80800,20950,3.85680190930788
"Southern University at New Orleans","Public","Louisiana",71000,18411,3.85639020150997
"University of Oregon","Public","Oregon",95800,24861,3.85342504324042
"Marylhurst University","Private","Oregon",79800,20835,3.8300935925126
"University of Kentucky","Public","Kentucky",96400,25227,3.82130257264043
"Tougaloo College","Private","Mississippi",66400,17433,3.80886823839844
"Capitol Technology University","Private","Maryland",118400,31136,3.80267214799589
"Lake Superior State University","Public","Michigan",83500,21972,3.80029127981067
"West Virginia State University","Public","West Virginia",76000,20059,3.78882297223192
"Coastal Carolina University","Public","South Carolina",77600,20726,3.74408954935829
"Lander University","Public","South Carolina",77100,20800,3.70673076923077
"William Carey University","Private","Mississippi",71800,19410,3.69912416280268
"University of Maine at Farmington","Public","Maine",71700,19392,3.69740099009901
"Western Connecticut State University","Public","Connecticut",88100,23891,3.68758109748441
"William Paterson University of New Jersey","Public","New Jersey",90200,24505,3.68088145276474
"University of Rhode Island","Public","Rhode Island",99700,27088,3.68059657412877
"University of Connecticut","Public","Connecticut",105200,28604,3.67780729967837
"Cleveland State University","Public","Ohio",88600,24185,3.66342774446971
"Vermont Technical College","Public","Vermont",93900,25706,3.6528436940792
"Eastern Michigan University","Public","Michigan",86700,23813,3.64086843320875
"Central Michigan University","Public","Michigan",83600,23036,3.62910227470047
"University of Hawaii at Manoa","Public","Hawaii",91600,25659,3.5698975018512
"Maharishi University of Management","Private","Iowa",85200,23930,3.56038445465942
"Southern Oregon University","Public","Oregon",81200,22853,3.55314400735133
"Grove City College","Private","Pennsylvania",98400,27700,3.55234657039711
"Ramapo College of New Jersey","Public","New Jersey",95200,26824,3.54906054279749
"Virginia Commonwealth University","Public","Virginia",88200,24918,3.53960992053937
"New Jersey City University","Public","New Jersey",87600,24789,3.53382548711122
"Louisiana College","Private","Louisiana",79800,22618,3.52816340967371
"Eastern Connecticut State University","Public","Connecticut",87800,24916,3.52384010274522
"Southern Connecticut State University","Public","Connecticut",83600,23735,3.52222456288182
"Miles College","Private","Alabama",65100,18646,3.49136544030891
"Rowan University","Public","New Jersey",91200,26249,3.47441807306945
"Medical University of South Carolina","Public","South Carolina",92700,26826,3.45560277342876
"College of Charleston","Public","South Carolina",85100,24904,3.41712174751044
"The College of New Jersey","Public","New Jersey",101800,30168,3.37443648899496
"Montclair State University","Public","New Jersey",95400,28354,3.36460464132045
"Kean University","Public","New Jersey",90000,26818,3.35595495562682
"Allen College","Private","Iowa",91300,27252,3.35021282841626
"Christopher Newport University","Public","Virginia",87200,26214,3.32646677347982
"Castleton University","Public","Vermont",76200,22912,3.32576815642458
"Longwood University","Public","Virginia",83300,25086,3.32057721438252
"Keene State College","Public","New Hampshire",83600,25238,3.31246533005785
"Lyndon State College","Public","Vermont",75100,22672,3.31245589273112
"Stockton University","Public","New Jersey",85800,26021,3.29733676645786
"Plymouth State University","Public","New Hampshire",82200,25199,3.26203420770665
"Harding University","Private","Arkansas",88600,27179,3.25986975238235
"University of Vermont","Public","Vermont",99400,30738,3.23378228902336
"Methodist College","Private","Illinois",90500,28240,3.20467422096317
"Winthrop University","Public","South Carolina",79700,24902,3.20054614087222
"University of Montevallo","Public","Alabama",70700,22090,3.20054323223178
"Alaska Pacific University","Private","Alaska",90000,28130,3.19943121222894
"Albany College of Pharmacy and Health Sciences","Private","New York",144800,46025,3.14611624117328
"University of Mary","Private","North Dakota",79100,25610,3.0886372510738
"College of William and Mary","Public","Virginia",108900,35636,3.05589852957683
"University of Sioux Falls","Private","South Dakota",78200,25630,3.0511119781506
"Oakwood University","Private","Alabama",78800,26032,3.02704363859865
"Walla Walla University","Private","Washington",97800,32310,3.02692664809656
"Avila University","Private","Missouri",81200,27100,2.99630996309963
"Jefferson College of Health Sciences","Private","Virginia",97600,32756,2.9796067895958
"Philander Smith College","Private","Arkansas",61200,20664,2.9616724738676
"Benedict College","Private","South Carolina",67500,22800,2.96052631578947
"Lindenwood University","Private","Missouri",78500,26600,2.95112781954887
"Tuskegee University","Private","Alabama",93500,31820,2.93840351979887
"Washington Adventist University","Private","Maryland",97600,33270,2.93357379020138
"Southern Adventist University","Private","Tennessee",84000,28890,2.90758047767394
"Manhattan Christian College","Private","Kansas",72200,24942,2.894715740518
"University of Jamestown","Private","North Dakota",85400,29546,2.89040817707981
"Belmont Abbey College","Private","North Carolina",82900,28855,2.87298561774389
"Central Baptist College","Private","Arkansas",68000,23700,2.86919831223629
"Oklahoma Christian University","Private","Oklahoma",87900,30950,2.84006462035541
"Cleary University","Private","Michigan",84700,29850,2.83752093802345
"Goldey-Beacom College","Private","Delaware",86900,30700,2.83061889250814
"Dillard University","Private","Louisiana",79800,28199,2.82988758466612
"Thomas More College of Liberal Arts","Private","New Hampshire",88300,31300,2.82108626198083
"University of the Sciences","Private","Pennsylvania",115200,40938,2.81401143192144
"Mid-America Christian University","Private","Oklahoma",74100,26370,2.81001137656428
"Mississippi College","Private","Mississippi",79500,28326,2.80660876932853
"Husson University","Private","Maine",77600,28010,2.77043912888254
"College of Saint Mary","Private","Nebraska",77700,28050,2.77005347593583
"Northwestern College","For Profit","Illinois",82400,30887,2.66778903745913
"Xavier University of Louisiana","Private","Louisiana",88200,33535,2.63008796779484
"Fisk University","Private","Tennessee",83600,32270,2.59064146265882
"Freed-Hardeman University","Private","Tennessee",78200,30210,2.5885468387951
"Brescia University","Private","Kentucky",81200,31600,2.56962025316456
"Bastyr University","Private","Washington",86300,33756,2.55658253347553
"Cumberland University","Private","Tennessee",81000,32180,2.51709136109385
"Shorter University","Private","Georgia",79900,31770,2.51495121183506
"Kentucky Christian University","Private","Kentucky",70300,28090,2.50266998932004
"Lawrence Technological University","Private","Michigan",108400,43520,2.49080882352941
"MCPHS University","Private","Massachusetts",121800,49105,2.48039914468995
"University of Detroit Mercy","Private","Michigan",92800,37496,2.47493065927032
"Spalding University","Private","Kentucky",79200,32100,2.46728971962617
"LeTourneau University","Private","Texas",98900,40180,2.46142359382777
"Clark Atlanta University","Private","Georgia",81100,32960,2.46055825242718
"University of Pikeville","Private","Kentucky",70700,28750,2.45913043478261
"Faulkner University","Private","Alabama",71300,29440,2.421875
"Kettering University","Private","Michigan",125000,51730,2.416392808815
"Morehouse College","Private","Georgia",98700,41012,2.40661269872233
"Hampton University","Private","Virginia",92600,38480,2.40644490644491
"William Penn University","Private","Iowa",78300,32552,2.40538215777832
"Southern Nazarene University","Private","Oklahoma",81000,33684,2.40470252939081
"Trevecca Nazarene University","Private","Tennessee",81700,33998,2.40308253426672
"Christian Brothers University","Private","Tennessee",96500,40220,2.39930382894083
"Converse College","Private","South Carolina",71000,29620,2.39702903443619
"Ohio Valley University","Private","West Virginia",71100,29880,2.37951807228916
"Ohio Northern University","Private","Ohio",103900,43910,2.36620359826919
"Bradley University","Private","Illinois",104900,44380,2.36367733213159
"University of the Ozarks","Private","Arkansas",74500,31630,2.35535883654758
"Wentworth Institute of Technology","Private","Massachusetts",112700,48140,2.34108849189863
"Trine University","Private","Indiana",100300,42985,2.3333721065488
"St. Mary's University","Private","Texas",95300,40920,2.32893450635386
"Thomas More College","Private","Kentucky",90900,39070,2.32659329408754
"Judson College","Private","Alabama",67600,29100,2.32302405498282
"Ouachita Baptist University","Private","Arkansas",80200,34670,2.31323911162388
"Principia College","Private","Illinois",94900,41080,2.31012658227848
"Sterling College","Private","Kansas",79100,34280,2.30746791131855
"University of the Cumberlands","Private","Kentucky",73800,32000,2.30625
"Benedictine College","Private","Kansas",91800,39830,2.30479538036656
"Massachusetts Institute of Technology","Private","Massachusetts",155200,67342,2.30465385643432
"Milwaukee School of Engineering","Private","Wisconsin",117600,51138,2.29965974422152
"Indiana Institute of Technology","Private","Indiana",84900,36920,2.29956663055255
"La Salle University","Private","Pennsylvania",104800,45640,2.29623137598598
"Hawaii Pacific University","Private","Hawaii",93500,40780,2.29279058361942
"Oral Roberts University","Private","Oklahoma",85100,37178,2.28898811124859
"John Brown University","Private","Arkansas",82700,36152,2.28756362026997
"University of Mobile","Private","Alabama",74100,32420,2.2856261566934
"Newman University","Private","Kansas",88500,39050,2.2663252240717
"Rocky Mountain College","Private","Montana",82900,36842,2.25014928614082
"California Institute of Technology","Private","California",151600,67887,2.23312268917466
"Northwest University","Private","Washington",89000,40170,2.21558376898183
"Andrews University","Private","Michigan",85000,38366,2.21550331022259
"Dordt College","Private","Iowa",89600,40460,2.21453287197232
"Viterbo University","Private","Wisconsin",81900,37030,2.2117202268431
"Oklahoma Wesleyan University","Private","Oklahoma",78700,35600,2.21067415730337
"Baker University","Private","Kansas",84200,38240,2.20188284518828
"Oklahoma City University","Private","Oklahoma",87900,39922,2.20179349731977
"Belhaven University","Private","Mississippi",74300,33800,2.19822485207101
"Multnomah University","Private","Oregon",76400,34770,2.1972965199885
"Northwest Nazarene University","Private","Idaho",80600,36700,2.19618528610354
"Hastings College","Private","Nebraska",87100,39750,2.19119496855346
"Dakota Wesleyan University","Private","South Dakota",75700,34650,2.18470418470418
"Drury University","Private","Missouri",79400,36461,2.17766929047475
"Webb Institute","Private","New York",141800,65225,2.17401303181296
"Mount Marty College","Private","South Dakota",76500,35262,2.1694742215416
"New England Institute of Technology","Private","Rhode Island",93200,43005,2.16718986164399
"Stanford University","Private","California",145200,67117,2.16338632537211
"Southern Wesleyan University","Private","South Carolina",74600,34506,2.16194285051875
"Edgewood College","Private","Wisconsin",87500,40520,2.15942744323791
"Southern Vermont College","Private","Vermont",78700,36511,2.15551477636877
"Chaminade University of Honolulu","Private","Hawaii",84000,39004,2.15362526920316
"Oklahoma Baptist University","Private","Oklahoma",76600,35608,2.1512019770838
"Bloomfield College","Private","New Jersey",89100,41500,2.14698795180723
"Cardinal Stritch University","Private","Wisconsin",82500,38438,2.14631354388886
"Samford University","Private","Alabama",90500,42200,2.14454976303318
"Webster University","Private","Missouri",83500,38950,2.14377406931964
"McPherson College","Private","Kansas",80900,37739,2.14367100347121
"Augustana University","Private","South Dakota",88400,41266,2.14219938932778
"Limestone College","Private","South Carolina",76500,35765,2.13896267300433
"Wabash College","Private","Indiana",114400,53500,2.13831775700935
"Charleston Southern University","Private","South Carolina",76300,35700,2.13725490196078
"Thomas College","Private","Maine",81500,38150,2.13630406290957
"University of Mount Union","Private","Ohio",88500,41460,2.13458755426918
"William Jewell College","Private","Missouri",94500,44330,2.13173922851342
"Wheeling Jesuit University","Private","West Virginia",83400,39190,2.12809390150549
"Princeton University","Private","New Jersey",139400,65620,2.12435233160622
"Huntingdon College","Private","Alabama",78900,37150,2.12382234185733
"Loras College","Private","Iowa",90100,42459,2.12204715136956
"Midway University","Private","Kentucky",70300,33130,2.12194385753094
"Kentucky Wesleyan College","Private","Kentucky",76800,36204,2.12131256214783
"Wittenberg University","Private","Ohio",105400,49856,2.11408857509628
"University of Indianapolis","Private","Indiana",84500,39976,2.11376826095657
"Rice University","Private","Texas",129500,61350,2.11083944580277
"Harvey Mudd College","Private","California",158200,75003,2.1092489633748
"Manhattan College","Private","New York",125700,59680,2.10623324396783
"West Virginia Wesleyan College","Private","West Virginia",85200,40496,2.10391149743185
"Friends University","Private","Kansas",76500,36387,2.10239920850853
"Rose-Hulman Institute of Technology","Private","Indiana",135800,64637,2.10096384423782
"Carroll University","Private","Wisconsin",86500,41402,2.08927104970774
"Lewis University","Private","Illinois",89800,43028,2.08701310774379
"Marymount University","Private","Virginia",93100,44656,2.08482622715872
"Carson-Newman University","Private","Tennessee",76500,36710,2.08390084445655
"Felician University","Private","New Jersey",98200,47195,2.08072889077233
"Columbia International University","Private","South Carolina",66200,31840,2.07914572864322
"Maryville University of Saint Louis","Private","Missouri",80100,38558,2.07738990611546
"Worcester Polytechnic Institute","Private","Massachusetts",135500,65304,2.0749111846135
"Holy Cross College","Private","Indiana",87800,42320,2.07466918714556
"Stevens Institute of Technology","Private","New Jersey",139900,67446,2.07425199418794
"Taylor University","Private","Indiana",90600,43728,2.07189901207464
"Wisconsin Lutheran College","Private","Wisconsin",82500,39915,2.06689214580985
"Barry University","Private","Florida",84400,40950,2.06105006105006
"Northwest Christian University","Private","Oregon",81100,39350,2.06099110546379
"Franklin College","Private","Indiana",86200,41956,2.0545333206216
"Hope College","Private","Michigan",90900,44320,2.05099277978339
"Northwestern College","Private","Iowa",82400,40300,2.04466501240695
"Arizona Christian University","Private","Arizona",76600,37470,2.04430210835335
"Western New England University","Private","Massachusetts",103000,50394,2.0438941143787
"University of Charleston","Private","West Virginia",81900,40080,2.04341317365269
"University of Tulsa","Private","Oklahoma",107200,52625,2.03705463182898
"Kansas Wesleyan University","Private","Kansas",79400,39000,2.03589743589744
"Tabor College","Private","Kansas",77500,38095,2.03438771492322
"Nova Southeastern University","Private","Florida",89800,44150,2.03397508493771
"Calvin College","Private","Michigan",91100,44800,2.03348214285714
"Wesley College","Private","Delaware",77300,38123,2.02764735199224
"Yeshiva University","Private","New York",112800,55750,2.02331838565022
"Santa Clara University","Private","California",134700,66621,2.02188499121899
"Clarkson University","Private","New York",130100,64352,2.02169318746892
"Shenandoah University","Private","Virginia",86600,42900,2.01864801864802
"Saint Xavier University","Private","Illinois",91200,45220,2.01680672268908
"Lehigh University","Private","Pennsylvania",134100,66530,2.01563204569367
"Carroll College","Private","Montana",91400,45366,2.01472468368382
"Newberry College","Private","South Carolina",74700,37090,2.0140199514694
"Sierra Nevada College","Private","Nevada",95500,47598,2.00638682297576
"Upper Iowa University","Private","Iowa",78000,38904,2.00493522516965
"University of Bridgeport","Private","Connecticut",93600,46710,2.00385356454721
"Manchester University","Private","Indiana",84700,42338,2.00056686664462
"Campbellsville University","Private","Kentucky",66800,33400,2
"Seattle University","Private","Washington",113700,56898,1.99831277022039
"Morningside College","Private","Iowa",82100,41140,1.99562469615946
"Cooper Union for the Advancement of Science and Art","Private","New York",126200,63338,1.99248476428053
"Yale University","Private","Connecticut",138300,69430,1.99193432233905
"Marietta College","Private","Ohio",94300,47360,1.99113175675676
"MidAmerica Nazarene University","Private","Kansas",78500,39444,1.99016326944529
"Babson College","Private","Massachusetts",133800,67416,1.98469206123176
"Spelman College","Private","Georgia",85400,43179,1.97781328886727
"Illinois Institute of Technology","Private","Illinois",118500,60058,1.97309267707882
"Menlo College","Private","California",112400,57025,1.97106532222709
"Elon University","Private","North Carolina",93700,47549,1.97059875076237
"Regis University","Private","Colorado",94800,48370,1.95989249534836
"Lyon College","Private","Arkansas",74300,37920,1.95938818565401
"Gonzaga University","Private","Washington",107600,55154,1.95090111324655
"Carnegie Mellon University","Private","Pennsylvania",136100,69883,1.94754088977291
"Marquette University","Private","Wisconsin",105900,54590,1.93991573548269
"Rensselaer Polytechnic Institute","Private","New York",134100,69140,1.93954295632051
"Rockhurst University","Private","Missouri",92500,47790,1.93555137057962
"Union University","Private","Tennessee",83000,43090,1.92620097470411
"Florida Institute of Technology","Private","Florida",105400,54730,1.92581765028321
"Drake University","Private","Iowa",99900,51924,1.92396579616362
"Rivier University","Private","New Hampshire",85100,44316,1.92029966603484
"Mount Mercy University","Private","Iowa",79000,41332,1.9113519790961
"University of Hartford","Private","Connecticut",101600,53170,1.91085198420162
"Catawba College","Private","North Carolina",78100,41008,1.90450643776824
"Queens University of Charlotte","Private","North Carolina",86600,45544,1.9014579307922
"Barton College","Private","North Carolina",77900,41000,1.9
"DePaul University","Private","Illinois",102900,54210,1.89817376867737
"Albertus Magnus College","Private","Connecticut",85900,45260,1.89792311091471
"University of Notre Dame","Private","Indiana",130500,68801,1.89677475618087
"George Fox University","Private","Oregon",89600,47270,1.89549397080601
"Asbury University","Private","Kentucky",70800,37358,1.89517640130628
"Lipscomb University","Private","Tennessee",84800,44796,1.89302616305027
"Central Christian College of Kansas","Private","Kansas",66100,34960,1.89073226544622
"Minneapolis College of Art and Design","Private","Minnesota",84700,44820,1.88978134761267
"Midland University","Private","Nebraska",78100,41334,1.8894856534572
"Seattle Pacific University","Private","Washington",103400,54735,1.88910203708779
"North Carolina Wesleyan College","Private","North Carolina",78800,41800,1.88516746411483
"Southern New Hampshire University","Private","New Hampshire",83400,44256,1.88449023861171
"Pfeiffer University","Private","North Carolina",78000,41460,1.88133140376266
"Saint Martin's University","Private","Washington",91800,48801,1.88110899366816
"University of Pennsylvania","Private","Pennsylvania",133900,71200,1.88061797752809
"Valparaiso University","Private","Indiana",98000,52120,1.88027628549501
"Creighton University","Private","Nebraska",95800,50952,1.88020097346522
"Prescott College","Private","Arizona",73500,39185,1.8757177491387
"Campbell University","Private","North Carolina",82400,43930,1.8757113589802
"Lindsey Wilson College","Private","Kentucky",64100,34235,1.87235285526508
"Colgate University","Private","New York",130600,69865,1.86931940170328
"Clarke University","Private","Iowa",80200,42950,1.86728754365541
"Central College","Private","Iowa",88800,47575,1.86652653704677
"Simpson College","Private","Iowa",88600,47524,1.86432118508543
"Duke University","Private","North Carolina",132100,70873,1.86389739392999
"North Central College","Private","Illinois",92900,49899,1.86176075672859
"University of Dayton","Private","Ohio",105000,56480,1.85906515580737
"Stevenson University","Private","Maryland",91600,49312,1.85756002595717
"Stephens College","Private","Missouri",77200,41582,1.85657255543264
"Pacific Lutheran University","Private","Washington",98100,52856,1.8559860753746
"Washington and Lee University","Private","Virginia",123200,66380,1.85598071708346
"Augsburg University","Private","Minnesota",91000,49080,1.85411572942135
"Fairfield University","Private","Connecticut",116900,63060,1.85379004123057
"Clark University","Private","Massachusetts",101400,54900,1.84699453551913
"Norwich University","Private","Vermont",99100,53856,1.84009209744504
"University of Evansville","Private","Indiana",89900,48876,1.83934855552828
"Roger Williams University","Private","Rhode Island",92700,50412,1.83884789335872
"Dartmouth College","Private","New Hampshire",130900,71209,1.83825078290666
"Nebraska Wesleyan University","Private","Nebraska",80500,43824,1.83689302665206
"Milligan College","Private","Tennessee",74900,40800,1.83578431372549
"Case Western Reserve University","Private","Ohio",117800,64232,1.83397683397683
"Colorado Christian University","Private","Colorado",80100,43712,1.83244875549048
"Xavier University","Private","Ohio",94000,51310,1.83200155915026
"Cornell University","Private","New York",128200,70004,1.83132392434718
"Hampden-Sydney College","Private","Virginia",108600,59304,1.83124241197896
"Presbyterian College","Private","South Carolina",89900,49140,1.82946682946683
"John Carroll University","Private","Ohio",97300,53214,1.82846619310708
"Trinity University","Private","Texas",102900,56440,1.82317505315379
"Williams College","Private","Massachusetts",127500,69950,1.82273052180129
"Bryant University","Private","Rhode Island",108600,59675,1.81985756179305
"University of Dallas","Private","Texas",96400,53052,1.81708512402925
"Brown University","Private","Rhode Island",127600,70326,1.8144071893752
"Saint Peter's University","Private","New Jersey",95900,52900,1.81285444234405
"Swarthmore College","Private","Pennsylvania",123200,68062,1.81011430754312
"University of Dubuque","Private","Iowa",79700,44040,1.80971843778383
"Butler University","Private","Indiana",99300,54950,1.80709736123749
"Vanderbilt University","Private","Tennessee",119100,66050,1.80317940953823
"Saint Anselm College","Private","New Hampshire",100300,55700,1.80071813285458
"Loyola Marymount University","Private","California",113300,63012,1.79807020884911
"Monmouth University","Private","New Jersey",93200,52119,1.78821543007349
"Lafayette College","Private","Pennsylvania",122500,68520,1.78779918272037
"Corban University","Private","Oregon",77300,43268,1.7865397060183
"Lake Forest College","Private","Illinois",102600,57454,1.78577644724475
"Oglethorpe University","Private","Georgia",91400,51300,1.78167641325536
"Seton Hall University","Private","New Jersey",103800,58270,1.78136262227561
"Jacksonville University","Private","Florida",90400,50750,1.78128078817734
"Covenant College","Private","Georgia",79400,44590,1.78066831128056
"Merrimack College","Private","Massachusetts",102500,57605,1.77935943060498
"Villanova University","Private","Pennsylvania",119500,67328,1.7748930608365
"University of New England","Private","Maine",91500,51610,1.77291222631273
"Notre Dame of Maryland University","Private","Maryland",86400,48750,1.77230769230769
"Drew University","Private","New Jersey",95000,53608,1.77212356364722
"Sacred Heart University","Private","Connecticut",100500,56730,1.77154944473823
"Centenary College of Louisiana","Private","Louisiana",88400,49980,1.7687074829932
"Saint Mary's College of California","Private","California",110800,62650,1.76855546687949
"Rider University","Private","New Jersey",99000,56010,1.76754151044456
"University of Portland","Private","Oregon",104900,59354,1.76736193011423
"Ferrum College","Private","Virginia",80600,45675,1.76464148877942
"Lenoir-Rhyne University","Private","North Carolina",86300,48910,1.76446534451033
"Claremont McKenna College","Private","California",125400,71110,1.76346505414147
"Bucknell University","Private","Pennsylvania",122900,69754,1.76190612724718
"Bentley University","Private","Massachusetts",116600,66200,1.76132930513595
"Hofstra University","Private","New York",110400,62708,1.76054091981884
"Saint Joseph's University","Private","Pennsylvania",105100,59813,1.75714309598248
"Stonehill College","Private","Massachusetts",103200,58746,1.7567153508324
"University of San Diego","Private","California",109400,62338,1.75494882736052
"University of Saint Joseph","Private","Connecticut",88800,50601,1.75490602952511
"Mercer University","Private","Georgia",85100,48510,1.75427746856318
"Alma College","Private","Michigan",89900,51256,1.75394100202903
"Cornell College","Private","Iowa",90600,51683,1.75299421473212
"Loyola University Maryland","Private","Maryland",111200,63515,1.7507675352279
"Gustavus Adolphus College","Private","Minnesota",96800,55310,1.75013559934912
"Hamline University","Private","Minnesota",90400,51656,1.75003871767075
"University of San Francisco","Private","California",109900,62896,1.74732892393793
"Unity College","Private","Maine",69500,39870,1.74316528718335
"Belmont University","Private","Tennessee",80900,46430,1.74240792590997
"Transylvania University","Private","Kentucky",85600,49210,1.739483844747
"Baylor University","Private","Texas",101400,58322,1.73862350399506
"Southwestern University","Private","Texas",93500,54000,1.73148148148148
"McDaniel College","Private","Maryland",94600,54690,1.72974949716584
"Mount St. Mary's University","Private","Maryland",94100,54425,1.72898484152503
"Hanover College","Private","Indiana",85100,49250,1.72791878172589
"Methodist University","Private","North Carolina",80500,46736,1.72244094488189
"Berry College","Private","Georgia",84900,49326,1.72120180026761
"University of New Haven","Private","Connecticut",94800,55170,1.71832517672648
"Ripon College","Private","Wisconsin",89600,52208,1.71621207477781
"Wartburg College","Private","Iowa",88000,51276,1.7162025118964
"Erskine College","Private","South Carolina",78000,45460,1.71579410470744
"High Point University","Private","North Carolina",84300,49248,1.71174463937622
"Saint Michael's College","Private","Vermont",98500,57595,1.71021790085945
"Saint Joseph's College of Maine","Private","Maine",84300,49330,1.70889924994932
"Lawrence University","Private","Wisconsin",98800,57816,1.7088695170887
"Wofford College","Private","South Carolina",96600,56530,1.70882717141341
"Albion College","Private","Michigan",99300,58155,1.70750580345628
"Salve Regina University","Private","Rhode Island",93900,55050,1.70572207084469
"Ohio Wesleyan University","Private","Ohio",99200,58190,1.7047602680873
"Drexel University","Private","Pennsylvania",114800,67358,1.70432613794946
"Franklin Pierce University","Private","New Hampshire",85600,50245,1.70365210468703
"College of the Holy Cross","Private","Massachusetts",114600,67290,1.70307623718235
"College for Creative Studies","Private","Michigan",89800,52910,1.6972216972217
"Saint Louis University","Private","Missouri",95300,56174,1.69651440168049
"Centre College","Private","Kentucky",88500,52180,1.69605212725182
"Georgetown College","Private","Kentucky",81900,48430,1.69110055750568
"Knox College","Private","Illinois",95400,56424,1.69076988515525
"Lynn University","Private","Florida",85000,50380,1.68717745136959
"Pomona College","Private","California",117200,69496,1.68642799585588
"Emory University","Private","Georgia",110800,65762,1.68486359903896
"University of Southern California","Private","California",120600,71620,1.6838871823513
"Spring Hill College","Private","Alabama",89100,52926,1.68348259834486
"New York University","Private","New York",117700,69984,1.68181298582533
"Wesleyan University","Private","Connecticut",117000,69974,1.6720496184297
"Johns Hopkins University","Private","Maryland",117100,70076,1.67104286774359
"University of Scranton","Private","Pennsylvania",99700,59714,1.66962521351777
"Loyola University New Orleans","Private","Louisiana",88600,53072,1.66943020801929
"Bellarmine University","Private","Kentucky",90700,54450,1.66574839302112
"Tufts University","Private","Massachusetts",118100,70942,1.66474021031265
"Pacific Northwest College of Art","Private","Oregon",85000,51110,1.66307963216592
"Luther College","Private","Iowa",85900,51750,1.65990338164251
"Widener University","Private","Pennsylvania",100100,60394,1.65744941550485
"University of Richmond","Private","Virginia",107500,64860,1.65741597286463
"New England College","Private","New Hampshire",86400,52136,1.65720423507749
"Wake Forest University","Private","North Carolina",114800,69354,1.65527583124261
"Pacific University","Private","Oregon",94000,56826,1.6541723858797
"Millsaps College","Private","Mississippi",88700,53640,1.65361670395227
"University of Denver","Private","Colorado",105100,63561,1.65352968014978
"Texas Christian University","Private","Texas",98700,59754,1.6517722662918
"Boston College","Private","Massachusetts",115400,69942,1.6499385204884
"Rhodes College","Private","Tennessee",97800,59293,1.6494358524615
"Providence College","Private","Rhode Island",106900,65090,1.64234137348287
"Loyola University Chicago","Private","Illinois",96000,58528,1.64024056861673
"Illinois Wesleyan University","Private","Illinois",96000,58620,1.63766632548618
"Amherst College","Private","Massachusetts",116500,71166,1.63701767698058
"Bowdoin College","Private","Maine",112000,68620,1.63217720781113
"Boston University","Private","Massachusetts",113600,69668,1.63059080208991
"Saint Mary's College","Private","Indiana",89300,54800,1.62956204379562
"Maryville College","Private","Tennessee",75300,46304,1.62620939875605
"University of Puget Sound","Private","Washington",101300,62316,1.62558572437255
"Sterling College","Private","Vermont",79100,48700,1.62422997946612
"Davidson College","Private","North Carolina",106900,65819,1.62415108099485
"Kalamazoo College","Private","Michigan",94500,58272,1.62170510708402
"Bates College","Private","Maine",111900,69018,1.62131617838825
"Northwestern University","Private","Illinois",115400,71193,1.62094587951063
"Denison University","Private","Ohio",104800,64670,1.62053502396784
"Gettysburg College","Private","Pennsylvania",109300,67490,1.61949918506445
"Randolph College","Private","Virginia",86100,53165,1.61948650427913
"University of Rochester","Private","New York",112700,69864,1.61313408908737
"Whitworth University","Private","Washington",88800,55136,1.61056297156123
"DePauw University","Private","Indiana",101000,62724,1.6102289394809
"Northeastern University","Private","Massachusetts",109700,68267,1.60692574743287
"Cornish College of the Arts","Private","Washington",86400,54042,1.59875652270456
"Brandeis University","Private","Massachusetts",113200,70835,1.59808004517541
"Carleton College","Private","Minnesota",109900,68844,1.59636279123816
"Coe College","Private","Iowa",86900,54480,1.59508076358297
"Fordham University","Private","New York",112500,70656,1.5922214673913
"Kansas City Art Institute","Private","Missouri",77700,48800,1.5922131147541
"Muhlenberg College","Private","Pennsylvania",101900,64360,1.58328154133002
"Hood College","Private","Maryland",82600,52192,1.58261802575107
"Haverford College","Private","Pennsylvania",112300,70994,1.58182381609713
"Whitman College","Private","Washington",102600,64938,1.57996858541994
"Hamilton College","Private","New York",108100,68490,1.57833260329975
"Washington College","Private","Maryland",93500,59392,1.57428609913793
"Ursinus College","Private","Pennsylvania",101800,64800,1.57098765432099
"Middlebury College","Private","Vermont",109800,69980,1.56901971991998
"Champlain College","Private","Vermont",88400,56364,1.56837697821304
"Savannah College of Art and Design","Private","Georgia",80100,51180,1.56506447831184
"Quinnipiac University","Private","Connecticut",97700,62500,1.5632
"Rhode Island School of Design","Private","Rhode Island",100600,64360,1.56308266003729
"Agnes Scott College","Private","Georgia",83600,53490,1.56290895494485
"Willamette University","Private","Oregon",97700,62514,1.56284992161756
"Earlham College","Private","Indiana",88400,56850,1.55496921723835
"Hendrix College","Private","Arkansas",90300,58074,1.55491269759273
"University of Miami","Private","Florida",99600,64334,1.54817048527995
"Trinity College","Private","Connecticut",110900,71660,1.54758582193692
"Southern Methodist University","Private","Texas",110400,71338,1.54756230900782
"Eckerd College","Private","Florida",88400,57128,1.5474023246044
"Green Mountain College","Private","Vermont",75200,48724,1.54338724242673
"Goucher College","Private","Maryland",90600,58806,1.54065911641669
"Carthage College","Private","Wisconsin",85400,55540,1.53763053655023
"St. John's College","Private","Maryland",101200,65820,1.53752658766332
"Berea College","Private","Kentucky",71600,46754,1.53141977157035
"University of Chicago","Private","Illinois",114200,74580,1.53124161973719
"St. John's College","Private","New Mexico",101200,66266,1.52717834183442
"Barnard College","Private","New York",109800,72257,1.51957595803867
"Kenyon College","Private","Ohio",103800,68440,1.5166569257744
"Wellesley College","Private","Massachusetts",106200,70200,1.51282051282051
"Macalester College","Private","Minnesota",100400,66500,1.50977443609023
"Colby College","Private","Maine",103300,69400,1.48847262247839
"Reed College","Private","Oregon",104900,70550,1.48688873139617
"Grinnell College","Private","Iowa",96500,65202,1.48001595043097
"Colby-Sawyer College","Private","New Hampshire",83700,56662,1.47718047368607
"Roanoke College","Private","Virginia",85100,57720,1.47435897435897
"Lewis & Clark College","Private","Oregon",93200,63424,1.46947527749748
"Dickinson College","Private","Pennsylvania",100100,68359,1.46432803288521
"Beloit College","Private","Wisconsin",85700,58870,1.45574995753355
"Stetson University","Private","Florida",86000,59082,1.45560407569141
"Connecticut College","Private","Connecticut",100800,69970,1.44061740746034
"Colorado College","Private","Colorado",97900,67982,1.44008708187461
"Smith College","Private","Massachusetts",98200,69924,1.40438190034895
"Maine College of Art","Private","Maine",64600,46890,1.37769247174238
"Maryland Institute College of Art","Private","Maryland",84500,61910,1.36488450977225
"Oberlin College","Private","Ohio",96800,71392,1.35589421783953
"Rollins College","Private","Florida",87000,64495,1.34894177843244
"Bennington College","Private","Vermont",90000,69970,1.2862655423753
